ID,How do you feel about the course so far? - Selected Choice,Explain why you selected the above choice(s).,What was(were) your biggest challenge(s) for these past modules?,How did you overcome this challenge(s)? Or what steps did you start taking towards overcoming it?,"Are you CURRENTLY experiencing any additional challenges or concerns beyond what you mentioned in the previous question? If so, please describe them.","How would you assess your performance in the course so far? What’s helping you succeed, or what might be holding you back?",What actions can you or the instructional team take to help you improve or maintain your success in the course?,primary_labels_selected,resolution_primary_labels,urgency,reflection_summary,instructor_suggestions
s018@anon.local,"Excited,Satisfied","I’m excited about this course because I’m able to learn about the holistic process of software engineering, as well as experience with hard skills involved in that process, such as certain coding languages and programs.","My biggest challenge thus far has been the Python content, since I did the credit by exam for ITSC 1212 and never learned how to code in Python. While I understand the concepts of the programming language, it’s quite a learning curve adjusting to the syntax.","I’m still learning the Python syntax, but exercises as well as videos about Python have helped me out.",nan,"So far, I’ve been doing well with the coursework. I think part of what helps is that not all of it revolves around needing to code, so when I’m away from my computer I’m still able to complete assignments and learn on my phone when I have down time at work.","I think adjusting the structure of the content in canvas could help, as it seems like the content is set up as if the course is synchronous, so navigating the coursework can be confusing at times (I’m in section 081). I also think doing an end-of-week announcement to summarize what was covered and emphasizing what topics students should really focus on could help serve as a refresher for students.",python_and_coding,unresolved,medium,"The student expresses excitement and satisfaction with the course, appreciating the opportunity to learn about software engineering and coding languages. However, the student faces a challenge with Python because they haven't formally learned it before, making the syntax difficult to adjust to despite understanding the concepts. This challenge remains unresolved, though exercises and videos are aiding in their learning process. The student suggests improving course content structure and providing weekly summaries for better understanding and navigation.",Consider restructuring the course content on Canvas for better clarity and provide end-of-week summaries to help students focus on key topics. These changes may help students like this one who find the structure confusing.
UNK_003,Satisfied,I selected satisfied because I do not have any complaints as of yet about the course. Material is interested and I am excited to get hands on experience with python and other technologies. I did not select excited because I believe that the work load will increase as we get further into the semester. :),No challenges at the moment.,nan,"No major challenges or concerns. I do have an observation regarding the section that I selected for Q1. I am registered for section 081, but it was not listed as an option. (202560-ITSC-3155-081-30188 this is what I see in canvas)",My performance is going well so far. Going through the material at my own pace and practicing python is helping me succeed currently.,"As the Student_058, I can maintain good study habits, participate in class discussions, complete assignments on time and utilize office hours when necessary.

As the instructional team, continue to provide clear instructions for assignments, include as much hands-on learning as possible and continue to be accessible for support/questions.",none,no_challenge,none,"The student expresses satisfaction with the course and mentions no current challenges. They are engaged with the material and find it interesting, particularly the hands-on experience with Python. The student is managing their studies well and intends to maintain good study habits. There are no challenges affecting their progress, and they have no specific concerns at this time.",No action is needed.
UNK_001,Neutral,Still getting used to the learning style,"The sway chat was a slight challenge, just due to waiting a response from my partner.","Asked the guide for the next steps, and tried to respond asap when they did reply.",nan,"I would say I am doing well, having flexibility is helping me.",Maybe a recorded lecture on some topics.,Sway,resolved,low,"The student's main challenge was the Sway activity, specifically waiting for a response from their partner. They overcame this by asking for guidance and responding quickly when their partner replied. Overall, the student feels neutral about the course and is doing well, with flexibility aiding their success. The student suggests that recorded lectures could be beneficial.","Consider providing recorded lectures on some topics, as suggested by the student, to enhance their learning experience."
UNK_002,Excited,There's a lot of information in the course already. The assignments and resources that have been completed in module 1 have been helpful to learning the information for this course.,"My biggest challenge was time management. Although I was able to have a good start, I couldn't maintain it.",Something that I have been trying to do to overcome this challenge is having a designated time to complete the work for this class.,I do not have any other challenges.,The things that have helped me in this course is all the resources that are provided to help me with the course work. They all provide meaningful information.,I feel like there isn't anything that needs to be done to improve my success in the course.,time_management_and_motivation,unresolved,medium,"The student is excited about the course and finds the assignments and resources helpful. Their main challenge is time management, and they are trying to overcome it by setting a designated time for class work. Although they are making efforts, the issue seems unresolved, which impacts their learning to a moderate degree. Overall, they feel supported by the course materials and do not request additional help.","No action is needed, as the student feels well-supported by the course resources."
UNK_004,Satisfied,Got what I wanted and expected from the class,No challenges at all,nan,No,I would say my performance is good. The fact that I know Python from 1212 is helping me succeed.,Nothing,none,no_challenge,none,"The student is satisfied with the course and reports no challenges or concerns. They attribute their success to prior knowledge of Python, which is aiding their performance. Since no challenges are mentioned, the reflection is categorized under 'none' for primary labels, with 'no_challenge' as the resolution status, indicating the student is progressing well without issues.",No action is needed.
UNK_005,Satisfied,satisfied,"formatting of quizzes not being general enough, got a quiz where the answer was __init__(), but my answer was __init__ as we were not instructed to put in the ()",I missed the points,no,ok,make the questions clearer so there is not any room for error like referenced before with the (),other_secondary,unresolved,low,"The student expresses satisfaction with the course but encountered a challenge with quiz formatting, noting that an answer required specific syntax that was not clearly instructed. They lost points due to this issue and suggested improving clarity in quiz questions to prevent similar misunderstandings. The student's challenge is unresolved, but it has a low urgency as they did not report any additional challenges.","Consider reviewing quiz questions for clarity and specificity to prevent misunderstandings, as suggested by the student."
UNK_006,"Excited,Satisfied","Even though the classes are asynchronous, the modules are well-organized, making it easy for me to stay on track and get the most out of my learning.",My biggest challenge was staying consistently motivated without classes. It takes extra effort to stay engaged and keep up with the material on my own.,I created a weekly schedule and set reminders to stay on track.,nan,"I think I’m doing fairly well so far. Staying organized helps, but juggling other classes can be a challenge sometimes.",More reminders would help me stay on track and plan better.,time_management_and_motivation,resolved,low,"The student is generally positive about the course, feeling excited and satisfied due to the well-organized modules in the asynchronous format. However, their main challenge was maintaining motivation without regular classes, which they addressed by creating a weekly schedule and setting reminders. They suggest that additional reminders from the instructional team could further aid their organization. The challenge seems resolved, and the urgency is low since they have already implemented a successful strategy.","The instructor may consider providing more reminders to help students plan and stay on track, as suggested by the student."
s053@anon.local,"Excited,Satisfied","So far, I have understood everything in the course, and I feel the resources provided have been adequate to help me understand the material. I am excited to continue learning in this course to learn tougher things.","The biggest challenges have been navigating and understanding what to do and when. Sometimes things are in a funky order and a bit unorganized. For example, when looking in the modules section, I will see additional things that aren't on my dashboard. This can be a bit confusing.","So far, I've mainly just been paying attention to the modules and going in order there.",No,My performance has been good so far. I think just putting in the time every day to fully go through each thing in the modules and taking your time to fully understand it.,"I like the minimalistic yet efficient teaching approach. I feel like the whole time I have spent in this class, I am learning valuable things. So I am hoping this continues as the course progresses.",time_management_and_motivation,resolved,low,"The student feels excited and satisfied with the course, having understood the material so far with adequate resources. They experienced a challenge with organization and navigation of the course modules, but have resolved it by paying attention to the module order. The student is currently not facing any additional challenges and appreciates the teaching approach, indicating overall good performance and progress.",No action is needed.
s013@anon.local,"Excited,Satisfied",I really like the layout of the course.,The CompScenario Debate Round 1. There was not specific opinion date deadline announcement.,I emailed the professor and TA.,No,"Everything is going very well so far. Just managing my workload may hold me back, but I'm doing well so far.",Opinion date deadline announcements.,Sway,resolved,low,"The student is generally excited and satisfied with the course, appreciating its layout. They faced a challenge with the CompScenario Debate due to a lack of clear deadline announcements, but resolved it by contacting the professor and TA. While the student mentions workload management as a potential future challenge, they are currently managing well. The student's primary suggestion is to improve communication of deadlines, indicating a low urgency for instructor intervention.",The instructor may consider providing clearer deadline announcements for assignments like the CompScenario Debate to enhance clarity and avoid confusion in the future.
s013@anon.local,"Excited,Satisfied",I really like the layout of the course.,The CompScenario Debate Round 1. There was not specific opinion date deadline announcement.,I emailed the professor and TA.,No,"Everything is going very well so far. Just managing my workload may hold me back, but I'm doing well so far.",Opinion date deadline announcements.,time_management_and_motivation,unspecified,low,"The student is generally excited and satisfied with the course, appreciating its layout. They faced a challenge with the CompScenario Debate due to a lack of clear deadline announcements, but resolved it by contacting the professor and TA. While the student mentions workload management as a potential future challenge, they are currently managing well. The student's primary suggestion is to improve communication of deadlines, indicating a low urgency for instructor intervention.",The instructor may consider providing clearer deadline announcements for assignments like the CompScenario Debate to enhance clarity and avoid confusion in the future.
UNK_007,Satisfied,"Its going well, but I am still too early in the course to tell.","Figuring out course expecations, but everything has been outlined very well.",I read through everything and gave myself time,no,"Good, and I think if I dedicated myself more time to this class",nan,other_secondary,resolved,low,"The student is satisfied with the course and feels it is going well. Their main challenge was figuring out course expectations, which they resolved by reading through course materials and giving themselves time. They currently do not have any additional challenges. Overall, the student is performing well, but notes they could improve by dedicating more time to the class.",No action is needed.
UNK_008,Neutral,It has only been a week or two in the course so i haven't been stressed and i have understood everything we have had to do so far.,just learning basic python,the little python exercise helped me a lot and also the 6-hour video you linked was also pretty helpful.,NO,I feel like i am doing fine i just need to keep doing what I have been doing and keep the schedule I am on.,N/A I don't have any recommendations.,python_and_coding,resolved,none,"The student reports a neutral feeling about the course, primarily due to their initial challenge with learning basic Python. They found the provided exercises and a linked video to be helpful in overcoming this challenge. Currently, they have no additional concerns and feel that their consistent schedule is aiding their success. There are no further challenges or recommendations for improvement, indicating satisfactory progress.",No action is needed.
UNK_009,Satisfied,I am getting ahead of the course work and feel like I am learning well on my own.,"Not really the material, just balancing the start of the summer courses.",Designating certain days to learn content and complete assignments.,No,8/10 - I could complete the assignments a couple days before the due date.,I am okay,time_management_and_motivation,resolved,none,"The student feels satisfied with the course and is proactively managing their workload. Their main challenge was time management, particularly balancing the start of summer courses, which they resolved by designating specific days for study and assignments. The student assesses their performance as 8/10 and does not currently experience any challenges or need additional support. Overall, they are progressing well with effective self-management strategies.",No action is needed.
s040@anon.local,Satisfied,"The workload isnt too bad, however I do struggle to stay on top of the debate assignments in time",Debate assignments,I just need to check the assignments/announcements more often,not currently,"decently, I should be able to hold a decent grade",I could go to office hours if i was struggling with content but its just my time management problem at this point,time_management_and_motivation,unresolved,medium,"The student feels satisfied with the course but struggles with time management, particularly in staying on top of the debate assignments. They acknowledge this is a recurring challenge and have not yet resolved it, suggesting checking assignments and announcements more often as a potential solution. The student's performance is decent, and they recognize that attending office hours could help if content becomes an issue, but their primary challenge remains managing time for assignments.",The instructor may consider sending regular reminders for upcoming debate assignments to help students like this one manage deadlines better.
s040@anon.local,Satisfied,"The workload isnt too bad, however I do struggle to stay on top of the debate assignments in time",Debate assignments,I just need to check the assignments/announcements more often,not currently,"decently, I should be able to hold a decent grade",I could go to office hours if i was struggling with content but its just my time management problem at this point,Sway,unresolved,medium,"The student feels satisfied with the course but struggles with time management, particularly in staying on top of the debate assignments. They acknowledge this is a recurring challenge and have not yet resolved it, suggesting checking assignments and announcements more often as a potential solution. The student's performance is decent, and they recognize that attending office hours could help if content becomes an issue, but their primary challenge remains managing time for assignments.",The instructor may consider sending regular reminders for upcoming debate assignments to help students like this one manage deadlines better.
s014@anon.local,Satisfied,The course is easy to navigate and so far the work has been easy to follow.,I didn't have any challenges for these past modules.,I didn't have any challenges.,Nope.,I believe my performance in the class so far is good.,I can make sure to keep up with my assignments and stay on track with material. The instructional team has been doing great so far in providing reminders with due dates.,none,no_challenge,none,"The student expresses satisfaction with the course, mentioning that it is easy to navigate and the work is easy to follow. They report no challenges and assess their performance as good, appreciating the instructional team's reminders about due dates. The student plans to maintain their success by keeping up with assignments. Given the lack of challenges, the 'none' label is appropriate, and there is no urgency or resolution needed.",No action is needed.
s021@anon.local,Satisfied,I understand the material so far!,I did not know python so that was challenging,I started watching more youtube videos that was very helpful,NO,"It's pretty good so far, the class materials and additional youtube videos are very helpful",Everything is good,python_and_coding,resolved,none,"The student initially faced a challenge with learning Python, as they were not familiar with it. They overcame this challenge by watching YouTube videos, which they found very helpful. Currently, the student is satisfied with the course and is not experiencing any additional challenges. Overall, the student is progressing well and does not require any further assistance from the instructor.",No action is needed.
UNK_010,Satisfied,I need to take some classes in the summer and I was interested in this class which made me choose it.,"So far getting used to the python, I havent done python in a few classes so relearning it is really good for me to do.",Somethings I've done is watch the videos given to me in the class and extra ones on YouTube to give me a better understanding of the topic.,No i think the class is going smoothly,The videos and learning material is helping me progress well.,"Keeping it at a pace and not to rush it, because the more you rush it the harder the course becomes and everything becomes confusing.",python_and_coding,resolved,low,"The student is satisfied with the course and is working on relearning Python, which was initially a challenge. They have overcome this challenge by watching class videos and additional YouTube resources, indicating it is now resolved. The student is currently not experiencing any additional challenges and feels supported by the course materials, though they suggest maintaining a steady pace to avoid confusion.",No action is needed. The student suggests maintaining a steady pace in the course to prevent confusion.
UNK_011,Frustrated,The pace of the class is a little fast and I'm still kind of confused about the Sway assignments.,I think just getting the hang of things and I'm still trying to figure out Sway,I'm trying to set aside more time for studying for the class and going through the material. I'm also reading more in depth about what we are doing in class.,no,I think I'm doing fairly decent in the class so far.,"I got a little confused on where to find the materials we were supposed to use for one of the preclass quizzes, so linking the lecture slides or websites in the quiz would be helpful",Sway,unresolved,medium,"The student feels frustrated due to the fast pace of the class and confusion about Sway assignments. They have identified time management as a challenge and have started dedicating more time to studying, which seems to be helping. While they are still confused about Sway, their efforts in managing time indicate progress. The student's suggestion to link materials in quizzes reflects a proactive approach to overcoming difficulties.","Consider providing additional resources or guidance on Sway assignments to address student confusion. Linking lecture slides or relevant materials in quizzes, as suggested by the student, could also help improve clarity and resource accessibility."
UNK_011,Frustrated,The pace of the class is a little fast and I'm still kind of confused about the Sway assignments.,I think just getting the hang of things and I'm still trying to figure out Sway,I'm trying to set aside more time for studying for the class and going through the material. I'm also reading more in depth about what we are doing in class.,no,I think I'm doing fairly decent in the class so far.,"I got a little confused on where to find the materials we were supposed to use for one of the preclass quizzes, so linking the lecture slides or websites in the quiz would be helpful",time_management_and_motivation,resolved,medium,"The student feels frustrated due to the fast pace of the class and confusion about Sway assignments. They have identified time management as a challenge and have started dedicating more time to studying, which seems to be helping. While they are still confused about Sway, their efforts in managing time indicate progress. The student's suggestion to link materials in quizzes reflects a proactive approach to overcoming difficulties.","Consider providing additional resources or guidance on Sway assignments to address student confusion. Linking lecture slides or relevant materials in quizzes, as suggested by the student, could also help improve clarity and resource accessibility."
UNK_012,Frustrated,"I feel like the communication could be improved. For instance, the recent announcement was so confusing and the TA hasn't answered my email.",nan,nan,nan,Good! I've coded in internships before so all has been easy so far.,Get better at communication.,other_secondary,unresolved,low,"The student feels frustrated due to communication issues in the course, such as confusing announcements and unresponsive TAs. Despite this, they are performing well due to prior coding experience. The challenge related to communication is unresolved, but it does not significantly impact their ability to succeed in the course. Overall, their progress is good, but communication improvements could enhance their experience.",The instructor may consider clarifying announcements and ensuring TAs are responsive to student inquiries to improve communication.
s019@anon.local,"Excited,Satisfied",I chose excited and satisfied because I am excited to get into the main material of the course and I am satisfied with my current progress in the course right now.,The biggest challenges were completing the w3 schools learning modules. I was also having a glitch with them too where some of them weren't being marked as completed.,I overcame the challenges by submitting the screenshots of completion with a note explaining the issue.,"Nope, that seems to be the only issue right now.",I would assess my performance as good and I'm not having any real difficulties yet. The w3 learning modules and weekly python videos are helping me succeed.,Grading and giving feedback as fast as possible.,other_secondary,resolved,low,"The student feels excited and satisfied with their progress in the course. Their main challenge was with the w3 schools learning modules, which they resolved by submitting screenshots with an explanation of the issue. They are not experiencing any current challenges and assess their performance as good, with the learning modules and weekly Python videos aiding their success. The challenge was resolved, and their urgency is low as no ongoing issues are impacting their learning.",No action is needed.
UNK_013,Satisfied,The class seems interesting and I'm confident in my ability to pass.,Figuring out the sway activities.,"I just ""played with it"" until I got it.",nan,nan,nan,Sway,resolved,none,"The student is satisfied with the course and confident in their ability to pass. They identified the Sway activity as their biggest challenge but managed to overcome it by experimenting with it until they understood. No additional challenges or concerns are currently affecting the student. Overall, the student seems to be progressing well in the course.",No action is needed.
UNK_014,"Excited,Frustrated,Neutral","I'm excited because I'm going to be able to learn about software engineering, do some projects, and just expand my knowledge.

I'm frustrated a bit because I thought that this was an online class with designated meeting times but I read the information wrong. I will do my best to keep up and stay on top of all my work though.

I'm also pretty neutral on how the course is going because it's at my own pace.","My biggest challenges so far are just trying to remember what I learned from ITSC 1212. I'm trying to get back in the groove of coding more.
Also the sway ai is good but it sucks when we have to wait for the partner that we're matched up with.","I'm working on doing extra reading and try out different coding problems.
I have a friend who has a decent amount of coding experience and they're explaining to me why something is or how something works.",No.,"I think I'm doing average so far.
What is helping me succeed is thinking about my future. I'm trying my best to not slack off or procrastinate as much as I have done in the previous semesters. It still happens but way less than before.",Maybe sending out more reminders?,python_and_coding,resolved,medium,"The student is excited about learning software engineering but is frustrated by their misunderstanding of the course format. Their main challenges are remembering previous coding knowledge and dealing with delays in the Sway activity due to partners. They are addressing their coding challenges through extra reading and peer support, and are improving their time management. While they are managing their challenges, they suggest more reminders from the instructional team to help stay on track.","Consider sending out more reminders to help students keep track of assignments and deadlines, as suggested by the student."
UNK_014,"Excited,Frustrated,Neutral","I'm excited because I'm going to be able to learn about software engineering, do some projects, and just expand my knowledge.

I'm frustrated a bit because I thought that this was an online class with designated meeting times but I read the information wrong. I will do my best to keep up and stay on top of all my work though.

I'm also pretty neutral on how the course is going because it's at my own pace.","My biggest challenges so far are just trying to remember what I learned from ITSC 1212. I'm trying to get back in the groove of coding more.
Also the sway ai is good but it sucks when we have to wait for the partner that we're matched up with.","I'm working on doing extra reading and try out different coding problems.
I have a friend who has a decent amount of coding experience and they're explaining to me why something is or how something works.",No.,"I think I'm doing average so far.
What is helping me succeed is thinking about my future. I'm trying my best to not slack off or procrastinate as much as I have done in the previous semesters. It still happens but way less than before.",Maybe sending out more reminders?,Sway,unresolved,medium,"The student is excited about learning software engineering but is frustrated by their misunderstanding of the course format. Their main challenges are remembering previous coding knowledge and dealing with delays in the Sway activity due to partners. They are addressing their coding challenges through extra reading and peer support, and are improving their time management. While they are managing their challenges, they suggest more reminders from the instructional team to help stay on track.","Consider sending out more reminders to help students keep track of assignments and deadlines, as suggested by the student."
UNK_014,"Excited,Frustrated,Neutral","I'm excited because I'm going to be able to learn about software engineering, do some projects, and just expand my knowledge.

I'm frustrated a bit because I thought that this was an online class with designated meeting times but I read the information wrong. I will do my best to keep up and stay on top of all my work though.

I'm also pretty neutral on how the course is going because it's at my own pace.","My biggest challenges so far are just trying to remember what I learned from ITSC 1212. I'm trying to get back in the groove of coding more.
Also the sway ai is good but it sucks when we have to wait for the partner that we're matched up with.","I'm working on doing extra reading and try out different coding problems.
I have a friend who has a decent amount of coding experience and they're explaining to me why something is or how something works.",No.,"I think I'm doing average so far.
What is helping me succeed is thinking about my future. I'm trying my best to not slack off or procrastinate as much as I have done in the previous semesters. It still happens but way less than before.",Maybe sending out more reminders?,time_management_and_motivation,resolved,medium,"The student is excited about learning software engineering but is frustrated by their misunderstanding of the course format. Their main challenges are remembering previous coding knowledge and dealing with delays in the Sway activity due to partners. They are addressing their coding challenges through extra reading and peer support, and are improving their time management. While they are managing their challenges, they suggest more reminders from the instructional team to help stay on track.","Consider sending out more reminders to help students keep track of assignments and deadlines, as suggested by the student."
UNK_015,Satisfied,It hasn't overwhelmed me yet,remembering a lot of the rules and syntax's,Looking more into the topic,nothing,practice helps me succeed,nothing so far,python_and_coding,resolved,low,"The student is satisfied with the course and feels that it has not been overwhelming. They faced a challenge with remembering Python syntax and rules, which they have addressed by further studying the topic. Currently, the student has no additional challenges and feels that practice is aiding their success in the course. Overall, they seem to be managing their coursework well and have resolved their previous challenge.",No action is needed.
UNK_016,Neutral,Everything seems normal so far. Some assignments are a little confusing to complete for example the swat debate where it is based on someone else.,"Just completing the sway assignment, trying to see if it will ever reach 100% and completing the work for it.",Nothing really since its based on someone else.,No,It's going well. The assignment's are pretty straight forward.,None,Sway,unresolved,medium,"The student feels neutral about the course and highlights the Sway assignment as their primary challenge due to its dependency on another student's participation. They indicate that they have not taken any steps to overcome this challenge, resulting in it being unresolved. Overall, their performance is satisfactory, with assignments being straightforward, but the unresolved issue with the Sway assignment presents a medium level of urgency.",Consider providing additional guidance or facilitating communication for the Sway assignment to ensure smoother collaboration between students. This may help students overcome the dependency issue highlighted in the reflection.
s028@anon.local,Confused,"The structure for the course seems to be entirely copied from that of a synchronous course, leading to ""pre class"" assignments due at 10:00am on random days and what feels like a lot of missing pieces.",Keeping track of when various things are due.,I just do everything as early as I possibly can now and hope I don't miss something.,nan,It is hard to say since we have not done much. I'd say I'm performing well considering I have submitted everything so far.,I just wish assignments were not due at 10:00am. I work 8a-4p every day of the week so this is frustrating having to look further ahead to make sure I do not miss something that's due while I am working.,time_management_and_motivation,unresolved,medium,"The student feels confused about the course due to its structure, which appears to be copied from a synchronous format, resulting in assignments due at inconvenient times. Their main challenge is keeping track of due dates, which they attempt to manage by completing tasks as early as possible. While the student is managing to submit work on time, they find the timing of deadlines, particularly the 10:00am ones, frustrating due to their work schedule. The challenge remains unresolved and impacts their ability to manage time effectively.",It may be beneficial for the instructor to consider adjusting the assignment due times to accommodate students with conflicting work schedules. This could help alleviate the student's difficulty in managing due dates.
UNK_017,Satisfied,I think so far it has been very interesting to learn new concepts.,"I would say learning about Python. Even though it is one of the easiest languages, this is my first time learning it.",I think I overcame this through practice and watching YouTube videos in my free time.,"No, not so far.",good.,Probably reaching out fast so we dont have to wait days for a response.,python_and_coding,resolved,low,"The student is generally satisfied with the course and finds it interesting to learn new concepts. Their main challenge was learning Python for the first time, but they have overcome this through practice and watching online tutorials. They are not currently facing any additional challenges, and their performance in the course is self-assessed as good. Their suggestion for improvement is for the instructional team to respond more quickly to inquiries.",The student's suggestion for faster response times from the instructional team could be considered to enhance communication and support.
UNK_018,Satisfied,"I'm fine with the class considering I'm not very knowledgeable about Python, but I find it a bit frustrating trying to communicate with my classmates in an online course.",nothing,studying,Nop,Good,Manager my time,python_and_coding,unspecified,low,"The student is satisfied with the course but indicates a lack of knowledge in Python and struggles with communication in an online group setting. They claim to have no significant challenges and are managing their progress through studying and time management. The challenges with Python and group communication are acknowledged, but their resolution status is unspecified as the student does not report current issues.",No action is needed. The student seems to be handling their challenges effectively through studying and time management.
UNK_018,Satisfied,"I'm fine with the class considering I'm not very knowledgeable about Python, but I find it a bit frustrating trying to communicate with my classmates in an online course.",nothing,studying,Nop,Good,Manager my time,group_work,unspecified,low,"The student is satisfied with the course but indicates a lack of knowledge in Python and struggles with communication in an online group setting. They claim to have no significant challenges and are managing their progress through studying and time management. The challenges with Python and group communication are acknowledged, but their resolution status is unspecified as the student does not report current issues.",No action is needed. The student seems to be handling their challenges effectively through studying and time management.
s016@anon.local,"Satisfied,Frustrated","Material is organised well and easy to understand, but certain technical issues with external platforms have been frustrating.","In the past modules, both Sway and W3schools have presented technical difficulties which have interfered with assignment completion requirements.",I submitted screenshots to prove my completion as best as I could and explained the issue.,No,I've allowed myself to stagnate given the format of the course and it leads to having to complete everything in a very short amount of time,"I need to rebuild my discipline on my end, and I would appreciate if the instructional team could account for unrectifiable technical difficulties when grading.",Sway,resolved,medium,"The student is generally satisfied with the course material, but has faced technical difficulties with external platforms like Sway and W3schools, which have been resolved by submitting screenshots as proof of completion. Additionally, the student struggles with time management, which remains an ongoing challenge. They recognize the need to improve their discipline and suggest that the instructional team consider technical issues when grading.","The instructor may want to consider providing leniency in grading for issues caused by technical difficulties. Additionally, guidance on time management strategies could be beneficial for the student."
s016@anon.local,"Satisfied,Frustrated","Material is organised well and easy to understand, but certain technical issues with external platforms have been frustrating.","In the past modules, both Sway and W3schools have presented technical difficulties which have interfered with assignment completion requirements.",I submitted screenshots to prove my completion as best as I could and explained the issue.,No,I've allowed myself to stagnate given the format of the course and it leads to having to complete everything in a very short amount of time,"I need to rebuild my discipline on my end, and I would appreciate if the instructional team could account for unrectifiable technical difficulties when grading.",other_secondary,resolved,medium,"The student is generally satisfied with the course material, but has faced technical difficulties with external platforms like Sway and W3schools, which have been resolved by submitting screenshots as proof of completion. Additionally, the student struggles with time management, which remains an ongoing challenge. They recognize the need to improve their discipline and suggest that the instructional team consider technical issues when grading.","The instructor may want to consider providing leniency in grading for issues caused by technical difficulties. Additionally, guidance on time management strategies could be beneficial for the student."
s016@anon.local,"Satisfied,Frustrated","Material is organised well and easy to understand, but certain technical issues with external platforms have been frustrating.","In the past modules, both Sway and W3schools have presented technical difficulties which have interfered with assignment completion requirements.",I submitted screenshots to prove my completion as best as I could and explained the issue.,No,I've allowed myself to stagnate given the format of the course and it leads to having to complete everything in a very short amount of time,"I need to rebuild my discipline on my end, and I would appreciate if the instructional team could account for unrectifiable technical difficulties when grading.",time_management_and_motivation,unresolved,medium,"The student is generally satisfied with the course material, but has faced technical difficulties with external platforms like Sway and W3schools, which have been resolved by submitting screenshots as proof of completion. Additionally, the student struggles with time management, which remains an ongoing challenge. They recognize the need to improve their discipline and suggest that the instructional team consider technical issues when grading.","The instructor may want to consider providing leniency in grading for issues caused by technical difficulties. Additionally, guidance on time management strategies could be beneficial for the student."
UNK_019,"Satisfied,Confused,Neutral","I am very confused about group work, though I am good with all work being online",doing group work because it was confusing in instructions,emailing TA,not really,"learning new languages, struggling in doing things without clear instructions",writing instructions for assignment in simple language,group_work,resolved,low,"The student is experiencing confusion primarily related to group work due to unclear instructions. They reached out to the TA for clarification, which suggests the issue was resolved. They are generally satisfied with the course but still find unclear instructions challenging. The student recommends simplifying assignment instructions, indicating they are proactive about seeking improvements.",Consider simplifying assignment instructions as suggested by the student to reduce confusion and support all students' understanding. No further action is needed at this time.
UNK_020,Satisfied,Is has been satisfying although excited for a coding class is a bit too much for me,I was out of town so starting the Sway module became difficult to do in time,I simply answered the quiz following it with my honest thoughts and relayed the reason why,I am bit confused on how the sway debates are graded but ultimately I’m fine,"I’m doing fine. With other responsibilities and classes, this class has become a bit of a struggle in terms of time management","Umm since I’m in the asynchronous section, the canvas which is setup for having in-class time and activities becomes a bit confusing.",Sway,resolved,medium,"The student is generally satisfied with the course but faced challenges due to being out of town, which affected their ability to start the Sway module on time. They resolved this issue by completing the quiz honestly. However, they still experience confusion regarding the grading of Sway debates and struggle with time management due to other responsibilities. The student's progress is impacted by these challenges, but they seem to manage them overall.","Consider providing clearer guidelines on how Sway debates are graded to alleviate student confusion. Additionally, addressing the setup of Canvas for asynchronous students could help mitigate their time management struggles."
UNK_020,Satisfied,Is has been satisfying although excited for a coding class is a bit too much for me,I was out of town so starting the Sway module became difficult to do in time,I simply answered the quiz following it with my honest thoughts and relayed the reason why,I am bit confused on how the sway debates are graded but ultimately I’m fine,"I’m doing fine. With other responsibilities and classes, this class has become a bit of a struggle in terms of time management","Umm since I’m in the asynchronous section, the canvas which is setup for having in-class time and activities becomes a bit confusing.",time_management_and_motivation,unresolved,medium,"The student is generally satisfied with the course but faced challenges due to being out of town, which affected their ability to start the Sway module on time. They resolved this issue by completing the quiz honestly. However, they still experience confusion regarding the grading of Sway debates and struggle with time management due to other responsibilities. The student's progress is impacted by these challenges, but they seem to manage them overall.","Consider providing clearer guidelines on how Sway debates are graded to alleviate student confusion. Additionally, addressing the setup of Canvas for asynchronous students could help mitigate their time management struggles."
UNK_021,Satisfied,They best match my feelings,Python Syntax,Did more python coding practice,No,I would say I'm doing well,nan,python_and_coding,resolved,none,The student is satisfied with the course and has successfully overcome their initial challenge with Python syntax through additional practice. They report no current challenges and feel they are performing well in the course. The resolution of their challenge with Python syntax indicates that they are on a positive learning trajectory.,No action is needed.
